stage,model,n,seed,lr,tag,dev_acc,best_epoch,epochs,train_time_s,test_acc,test_f1,typo10_acc,typo30_acc,drop20_acc,drop40_acc,imdb_acc,hp,probe_acc,domain,cross_finance_acc,cross_finance_f1,cross_airline_acc,cross_airline_f1,cross_sst2_acc,cross_sst2_f1
pilot,tiny_scratch,300,0,0.0002,lr0.0002,0.6330275229357798,21.0,30.0,13.622419118881226,0.6375617792421746,0.6374934548183395,0.6194398682042833,0.5958264689730917,0.6348160351455244,0.6194398682042833,0.5875,,,,,,,,,
pilot,tiny_scratch,300,0,0.0005,lr0.0005,0.6353211009174312,15.0,30.0,13.320282936096191,0.6342668863261944,0.6329997772796158,0.613948380010983,0.5930807248764415,0.643053267435475,0.6188907193849533,0.585,,,,,,,,,
pilot,tiny_scratch,300,0,0.001,lr0.001,0.6330275229357798,8.0,30.0,13.35841989517212,0.6408566721581549,0.6399967353058535,0.628226249313564,0.5930807248764415,0.6408566721581549,0.6144975288303131,0.545,,,,,,,,,
pilot,tiny_scratch,300,0,0.002,lr0.002,0.6227064220183486,3.0,30.0,13.40559697151184,0.6210873146622735,0.6146700703136884,0.599121361889072,0.5815485996705108,0.6309719934102141,0.627677100494234,0.52,,,,,,,,,
pilot,tiny_scratch,300,0,0.004,lr0.004,0.6295871559633027,3.0,30.0,13.462074995040894,0.6370126304228446,0.6365351777116484,0.6221856123009335,0.5853926414058209,0.6227347611202636,0.5969247666117518,0.555,,,,,,,,,
pilot,tiny_scratch,3000,0,0.0002,lr0.0002,0.7626146788990825,2.0,7.0,23.869458198547363,0.7556287753981329,0.7556275962937553,0.7336628226249313,0.7067545304777595,0.7331136738056013,0.7105985722130698,0.62,,,,,,,,,
pilot,tiny_scratch,3000,0,0.0005,lr0.0005,0.7465596330275229,2.0,7.0,22.69680380821228,0.756727073036793,0.7565579284053019,0.7386051619989017,0.7105985722130698,0.7331136738056013,0.6924766611751785,0.655,,,,,,,,,
pilot,tiny_scratch,3000,0,0.001,lr0.001,0.7431192660550459,6.0,7.0,22.62943983078003,0.7501372872048325,0.7501360816037274,0.7254255903349808,0.6974190005491488,0.7347611202635914,0.6996155958264689,0.6175,,,,,,,,,
pilot,tiny_scratch,3000,0,0.002,lr0.002,0.7282110091743119,0.0,7.0,22.797550916671753,0.7512355848434926,0.7510166383701189,0.7358594179022515,0.685886875343218,0.7287204832509611,0.7012630422844591,0.58,,,,,,,,,
pilot,tiny_scratch,3000,0,0.004,lr0.004,0.7052752293577982,6.0,7.0,22.37123703956604,0.7138934651290499,0.7138810403338824,0.7116968698517299,0.6743547501372872,0.7078528281164196,0.6754530477759473,0.6325,,,,,,,,,
pilot,tiny_mlm,300,0,0.0002,lr0.0002,0.6295871559633027,13.0,30.0,13.937818765640259,0.5799011532125206,0.5792062684164183,0.5842943437671609,0.5634266886326195,0.586490939044481,0.5788028555738605,0.525,,,,,,,,,
pilot,tiny_mlm,300,0,0.0005,lr0.0005,0.6204128440366973,11.0,30.0,13.627701997756958,0.5908841295991214,0.586756229292425,0.5809994508511807,0.5744096650192202,0.6073585941790225,0.585941790225151,0.535,,,,,,,,,
pilot,tiny_mlm,300,0,0.001,lr0.001,0.6158256880733946,3.0,30.0,14.138296842575073,0.5815485996705108,0.5804066263967274,0.5689181768259198,0.5634266886326195,0.5936298736957716,0.5799011532125206,0.5325,,,,,,,,,
pilot,tiny_mlm,300,0,0.002,lr0.002,0.6204128440366973,5.0,30.0,16.64335608482361,0.5793520043931906,0.5724723233660671,0.5744096650192202,0.543108182317408,0.5820977484898407,0.5826468973091707,0.5425,,,,,,,,,
pilot,tiny_mlm,300,0,0.004,lr0.004,0.591743119266055,10.0,30.0,13.760508060455322,0.5848434925864909,0.5838041454035359,0.5788028555738605,0.5535420098846787,0.586490939044481,0.5815485996705108,0.51,,,,,,,,,
pilot,tiny_mlm,3000,0,0.0002,lr0.0002,0.7419724770642202,6.0,7.0,23.94262981414795,0.728171334431631,0.728115908806421,0.71499176276771,0.6633717737506865,0.7084019769357496,0.6749038989566173,0.585,,,,,,,,,
pilot,tiny_mlm,3000,0,0.0005,lr0.0005,0.7477064220183486,1.0,7.0,22.868836164474487,0.7248764415156508,0.7242027593599765,0.700713893465129,0.6529379461834157,0.7040087863811093,0.6842394288852279,0.62,,,,,,,,,
pilot,tiny_mlm,3000,0,0.001,lr0.001,0.7477064220183486,1.0,7.0,22.49246311187744,0.7336628226249313,0.7336599311520942,0.7160900604063701,0.6749038989566173,0.7122460186710599,0.6842394288852279,0.66,,,,,,,,,
pilot,tiny_mlm,3000,0,0.002,lr0.002,0.716743119266055,1.0,7.0,22.748974084854126,0.727622185612301,0.7274971941638608,0.6985172981878089,0.6666666666666666,0.7045579352004393,0.6897309170785283,0.64,,,,,,,,,
pilot,tiny_mlm,3000,0,0.004,lr0.004,0.6261467889908257,1.0,7.0,22.86061406135559,0.6013179571663921,0.5752653695898016,0.5974739154310819,0.5755079626578803,0.600768808347062,0.6079077429983526,0.5375,,,,,,,,,
curve,tfidf_lr,100,0,,,0.6009174311926605,,,0.3442978858947754,0.5842943437671609,0.5836434494150609,0.5831960461285008,0.5661724327292696,0.5815485996705108,0.5656232839099395,0.545,30.0,,,,,,,,
curve,tfidf_nb,100,0,,,0.6135321100917431,,,0.07152080535888672,0.6018671059857221,0.6007106743603462,0.5870400878638111,0.5886875343218012,0.5897858319604613,0.5683690280065898,0.55,0.1,,,,,,,,
curve,tiny_scratch,100,0,0.0002,,0.5791284403669725,19.0,30.0,7.34695029258728,0.5760571114772103,0.5755162726431662,0.5749588138385503,0.5645249862712796,0.5705656232839099,0.5733113673805601,0.5125,,,,,,,,,
curve,tiny_mlm,100,0,0.0002,,0.6020642201834863,24.0,30.0,7.273970127105713,0.5645249862712796,0.5636401710685317,0.5705656232839099,0.5365183964854475,0.5475013728720484,0.5398132894014278,0.5225,,,,,,,,,
curve,tfidf_lr,100,1,,,0.5779816513761468,,,0.12740826606750488,0.5551894563426688,0.5388276358870332,0.5469522240527183,0.5464030752333883,0.5447556287753982,0.5469522240527183,0.54,10.0,,,,,,,,
curve,tfidf_nb,100,1,,,0.5905963302752294,,,0.06975483894348145,0.5645249862712796,0.5560225756079024,0.5634266886326195,0.5529928610653487,0.5595826468973092,0.5485996705107083,0.54,0.3,,,,,,,,
curve,tiny_scratch,100,1,0.0002,,0.5756880733944955,28.0,30.0,7.050359010696411,0.5601317957166392,0.5590061848900267,0.5650741350906096,0.5546403075233388,0.5634266886326195,0.5529928610653487,0.54,,,,,,,,,
curve,tiny_mlm,100,1,0.0002,,0.5974770642201835,10.0,30.0,11.457088947296143,0.5606809445359693,0.5555848415627014,0.5628775398132894,0.5496979681493684,0.5617792421746294,0.5414607358594179,0.51,,,,,,,,,
curve,tfidf_lr,100,2,,,0.6204128440366973,,,0.14324212074279785,0.5969247666117518,0.595366654638189,0.598572213069742,0.5925315760571115,0.5831960461285008,0.5766062602965404,0.575,30.0,,,,,,,,
curve,tfidf_nb,100,2,,,0.6100917431192661,,,0.07093000411987305,0.5925315760571115,0.5921033883159852,0.5914332784184514,0.5848434925864909,0.5848434925864909,0.5694673256452498,0.5775,0.1,,,,,,,,
curve,tiny_scratch,100,2,0.0002,,0.6009174311926605,23.0,30.0,7.220764875411987,0.5744096650192202,0.5743845083229162,0.5744096650192202,0.5584843492586491,0.5842943437671609,0.5634266886326195,0.495,,,,,,,,,
curve,tiny_mlm,100,2,0.0002,,0.6020642201834863,6.0,30.0,8.69710373878479,0.5777045579352005,0.5774109411821156,0.5749588138385503,0.5562877539813289,0.557386051619989,0.5634266886326195,0.5775,,,,,,,,,
curve,tfidf_lr,300,0,,,0.6880733944954128,,,0.2289867401123047,0.6386600768808347,0.6365423815186002,0.642504118616145,0.6315211422295443,0.6414058209774849,0.6194398682042833,0.6175,3.0,,,,,,,,
curve,tfidf_nb,300,0,,,0.6674311926605505,,,0.1076209545135498,0.6496430532674354,0.6470192550750564,0.6512904997254256,0.6293245469522241,0.6507413509060955,0.6194398682042833,0.615,0.3,,,,,,,,
curve,tiny_scratch,300,0,0.0002,,0.6330275229357798,21.0,30.0,13.831228256225586,0.6375617792421746,0.6374934548183395,0.6194398682042833,0.5958264689730917,0.6348160351455244,0.6194398682042833,0.5875,,,,,,,,,
curve,tiny_mlm,300,0,0.0002,,0.6295871559633027,13.0,30.0,14.894917249679565,0.5799011532125206,0.5792062684164183,0.5842943437671609,0.5634266886326195,0.586490939044481,0.5788028555738605,0.525,,,,,,,,,
curve,tfidf_lr,300,1,,,0.6215596330275229,,,0.2094888687133789,0.6084568918176826,0.5932589985956116,0.6029654036243822,0.5848434925864909,0.6013179571663921,0.5848434925864909,0.555,3.0,,,,,,,,
curve,tfidf_nb,300,1,,,0.6399082568807339,,,0.1042780876159668,0.6397583745194948,0.6366286639006169,0.6359143327841845,0.6144975288303131,0.6315211422295443,0.615046677649643,0.6,0.1,,,,,,,,
curve,tiny_scratch,300,1,0.0002,,0.6169724770642202,12.0,30.0,15.196720838546753,0.6254805052169138,0.6254207494951006,0.6205381658429434,0.6024162548050521,0.6188907193849533,0.6040637012630423,0.575,,,,,,,,,
curve,tiny_mlm,300,1,0.0002,,0.6089449541284404,2.0,30.0,14.426788091659546,0.5442064799560681,0.5429095224385416,0.5535420098846787,0.528830313014827,0.5562877539813289,0.5414607358594179,0.5275,,,,,,,,,
curve,tfidf_lr,300,2,,,0.6422018348623854,,,0.18583416938781738,0.6474464579901154,0.6459344373508425,0.6474464579901154,0.6348160351455244,0.6392092257001647,0.6221856123009335,0.5875,30.0,,,,,,,,
curve,tfidf_nb,300,2,,,0.6628440366972477,,,0.09962010383605957,0.6457990115321252,0.6437530880373867,0.6436024162548051,0.6249313563975838,0.6403075233388248,0.615595826468973,0.6125,0.3,,,,,,,,
curve,tiny_scratch,300,2,0.0002,,0.6387614678899083,18.0,30.0,14.394170045852661,0.6337177375068643,0.6309393551108042,0.6254805052169138,0.5941790225151016,0.629873695771554,0.600768808347062,0.525,,,,,,,,,
curve,tiny_mlm,300,2,0.0002,,0.6272935779816514,28.0,30.0,13.666513919830322,0.6370126304228446,0.6359146786140886,0.6216364634816035,0.6024162548050521,0.6227347611202636,0.6062602965403624,0.6075,,,,,,,,,
curve,tfidf_lr,1000,0,,,0.7201834862385321,,,0.3793978691101074,0.71444261394838,0.7129111750352903,0.6968698517298187,0.7029104887424492,0.7023613399231191,0.6743547501372872,0.6975,10.0,,,,,,,,
curve,tfidf_nb,1000,0,,,0.731651376146789,,,0.18827581405639648,0.7254255903349808,0.7245783219998548,0.7160900604063701,0.6930258099945085,0.7166392092257001,0.6875343218012081,0.725,0.1,,,,,,,,
curve,tiny_scratch,1000,0,0.0002,,0.6915137614678899,17.0,19.0,22.36614203453064,0.6985172981878089,0.6984809272173917,0.6820428336079077,0.6452498627127952,0.6869851729818781,0.6639209225700164,0.6325,,,,,,,,,
curve,tiny_mlm,1000,0,0.0002,,0.7155963302752294,15.0,19.0,22.63271713256836,0.6683141131246568,0.6675552944078113,0.656781987918726,0.6221856123009335,0.6441515650741351,0.6254805052169138,0.565,,,,,,,,,
curve,tfidf_lr,1000,1,,,0.7144495412844036,,,0.40642428398132324,0.6979681493684788,0.6972449608841276,0.6930258099945085,0.6650192202086765,0.6787479406919276,0.6578802855573861,0.67,10.0,,,,,,,,
curve,tfidf_nb,1000,1,,,0.7201834862385321,,,0.19536209106445312,0.7073036792970895,0.7071001711964469,0.6897309170785283,0.6908292147171884,0.6908292147171884,0.6803953871499177,0.6825,0.1,,,,,,,,
curve,tiny_scratch,1000,1,0.0002,,0.6869266055045872,6.0,19.0,22.97743821144104,0.6655683690280065,0.6631593175035879,0.656781987918726,0.642504118616145,0.6512904997254256,0.6254805052169138,0.595,,,,,,,,,
curve,tiny_mlm,1000,1,0.0002,,0.6811926605504587,17.0,19.0,22.755469799041748,0.6452498627127952,0.6452257905746277,0.6326194398682042,0.5936298736957716,0.6375617792421746,0.6073585941790225,0.5525,,,,,,,,,
curve,tfidf_lr,1000,2,,,0.716743119266055,,,0.3897089958190918,0.7012630422844591,0.6998029038350113,0.7018121911037891,0.6825919824272377,0.6974190005491488,0.6847885777045579,0.67,30.0,,,,,,,,
curve,tfidf_nb,1000,2,,,0.716743119266055,,,0.18463516235351562,0.71499176276771,0.7143546678474119,0.7166392092257001,0.6897309170785283,0.71444261394838,0.6924766611751785,0.6825,0.1,,,,,,,,
curve,tiny_scratch,1000,2,0.0002,,0.698394495412844,16.0,19.0,22.795934438705444,0.6820428336079077,0.6816972740042766,0.671059857221307,0.6496430532674354,0.6787479406919276,0.6556836902800659,0.53,,,,,,,,,
curve,tiny_mlm,1000,2,0.0002,,0.6869266055045872,8.0,19.0,23.271571159362793,0.6562328390993959,0.6561954108961058,0.6309719934102141,0.6117517847336629,0.6600768808347062,0.629873695771554,0.5475,,,,,,,,,
curve,tfidf_lr,3000,0,,,0.7706422018348624,,,1.184110164642334,0.785282811641955,0.7850336196790227,0.7753981328940143,0.756727073036793,0.7589236683141132,0.7336628226249313,0.7325,30.0,,,,,,,,
curve,tfidf_nb,3000,0,,,0.7752293577981652,,,0.4153919219970703,0.7968149368478857,0.7962126161440186,0.7880285557386052,0.7644151565074135,0.7704557935200439,0.7408017572762219,0.735,0.3,,,,,,,,
curve,tiny_scratch,3000,0,0.0002,,0.7626146788990825,2.0,7.0,22.911141872406006,0.7556287753981329,0.7556275962937553,0.7336628226249313,0.7067545304777595,0.7331136738056013,0.7105985722130698,0.62,,,,,,,,,
curve,tiny_mlm,3000,0,0.0002,,0.7419724770642202,6.0,7.0,22.780297994613647,0.728171334431631,0.728115908806421,0.71499176276771,0.6633717737506865,0.7084019769357496,0.6749038989566173,0.585,,,,,,,,,
curve,tfidf_lr,3000,1,,,0.768348623853211,,,1.183007001876831,0.7622185612300933,0.7616619668669409,0.7550796265788029,0.729818780889621,0.7468423942888522,0.7254255903349808,0.7325,10.0,,,,,,,,
curve,tfidf_nb,3000,1,,,0.768348623853211,,,0.4264671802520752,0.7781438769906645,0.7777867721505223,0.7638660076880834,0.7561779242174629,0.7644151565074135,0.7287204832509611,0.6925,0.1,,,,,,,,
curve,tiny_scratch,3000,1,0.0002,,0.7568807339449541,4.0,7.0,22.840998888015747,0.7490389895661724,0.7490362650237259,0.7221306974190006,0.6836902800658978,0.7369577155409116,0.7171883580450302,0.64,,,,,,,,,
curve,tiny_mlm,3000,1,0.0002,,0.7488532110091743,6.0,7.0,24.792579889297485,0.7303679297089511,0.7303597983196927,0.7089511257550797,0.6622734761120264,0.7215815485996705,0.6727073036792971,0.5725,,,,,,,,,
curve,tfidf_lr,3000,2,,,0.7740825688073395,,,1.2728772163391113,0.7764964305326744,0.7762848617753905,0.7732015376166941,0.7506864360241625,0.7534321801208127,0.7314662273476112,0.69,30.0,,,,,,,,
curve,tfidf_nb,3000,2,,,0.7729357798165137,,,0.4193301200866699,0.7825370675453048,0.781866031023885,0.7699066447007139,0.7501372872048325,0.7550796265788029,0.7391543108182317,0.735,0.3,,,,,,,,
curve,tiny_scratch,3000,2,0.0002,,0.7477064220183486,4.0,7.0,23.76473903656006,0.7523338824821527,0.7519673731804233,0.729269632070291,0.6952224052718287,0.7386051619989017,0.700713893465129,0.5925,,,,,,,,,
curve,tiny_mlm,3000,2,0.0002,,0.7373853211009175,5.0,7.0,23.452141761779785,0.7287204832509611,0.7287105840912929,0.7067545304777595,0.6661175178473366,0.7166392092257001,0.685886875343218,0.565,,,,,,,,,
curve,tfidf_nb,6920,0,,,0.801605504587156,,,0.8894751071929932,0.8193300384404174,0.8191825944659417,0.8094453596924767,0.7907742998352554,0.7902251510159253,0.7561779242174629,0.755,0.1,,,,,,,,
curve,tfidf_nb,6920,1,,,0.801605504587156,,,0.876662015914917,0.8193300384404174,0.8191825944659417,0.8094453596924767,0.7907742998352554,0.7902251510159253,0.7561779242174629,0.755,0.1,,,,,,,,
curve,tfidf_nb,6920,2,,,0.801605504587156,,,1.0958471298217773,0.8193300384404174,0.8191825944659417,0.8094453596924767,0.7907742998352554,0.7902251510159253,0.7561779242174629,0.755,0.1,,,,,,,,
ckpt,tiny_mlm,1000,0,0.0002,step0,0.7041284403669725,14.0,19.0,22.653541803359985,0.7067545304777595,0.7066199630715759,0.685337726523888,0.6441515650741351,0.6847885777045579,0.6562328390993959,0.635,,0.57166392092257,,,,,,,
ckpt,tiny_mlm,1000,1,0.0002,step0,0.6777522935779816,15.0,19.0,23.48133683204651,0.6908292147171884,0.6907213975748782,0.6633717737506865,0.627677100494234,0.6617243272926964,0.6397583745194948,0.595,,0.5557386051619989,,,,,,,
ckpt,tiny_mlm,1000,2,0.0002,step0,0.698394495412844,7.0,19.0,22.330347061157227,0.6919275123558485,0.6916760957306788,0.6732564524986271,0.6523887973640856,0.685886875343218,0.656781987918726,0.525,,0.5650741350906096,,,,,,,
ckpt,tiny_mlm,1000,0,0.0002,step100,0.6880733944954128,4.0,19.0,23.43671703338623,0.6952224052718287,0.6938026125038439,0.6705107084019769,0.6501922020867655,0.6688632619439868,0.6490939044481054,0.6275,,0.5837451949478308,,,,,,,
ckpt,tiny_mlm,1000,1,0.0002,step100,0.6811926605504587,4.0,19.0,23.087306022644043,0.6836902800658978,0.680673374104031,0.6655683690280065,0.615046677649643,0.6727073036792971,0.6512904997254256,0.51,,0.5546403075233388,,,,,,,
ckpt,tiny_mlm,1000,2,0.0002,step100,0.6834862385321101,5.0,19.0,22.663583993911743,0.7012630422844591,0.7009902759298476,0.6847885777045579,0.657331136738056,0.700713893465129,0.6600768808347062,0.56,,0.5683690280065898,,,,,,,
ckpt,tiny_mlm,1000,0,0.0002,step300,0.676605504587156,4.0,19.0,23.01636791229248,0.685337726523888,0.6841853410820593,0.6749038989566173,0.6403075233388248,0.6743547501372872,0.6468973091707853,0.6125,,0.5733113673805601,,,,,,,
ckpt,tiny_mlm,1000,1,0.0002,step300,0.6903669724770642,5.0,19.0,24.764813899993896,0.657331136738056,0.6562737458558188,0.6622734761120264,0.627677100494234,0.6578802855573861,0.628226249313564,0.59,,0.5524437122460186,,,,,,,
ckpt,tiny_mlm,1000,2,0.0002,step300,0.6605504587155964,4.0,19.0,33.958062171936035,0.686436024162548,0.6863981957033345,0.6765513454146074,0.643053267435475,0.6941241076331686,0.6518396485447556,0.5025,,0.5557386051619989,,,,,,,
ckpt,tiny_mlm,1000,0,0.0002,step1000,0.680045871559633,11.0,19.0,23.27635097503662,0.6661175178473366,0.6659941305942774,0.6518396485447556,0.6293245469522241,0.642504118616145,0.6320702910488742,0.63,,0.5853926414058209,,,,,,,
ckpt,tiny_mlm,1000,1,0.0002,step1000,0.6146788990825688,5.0,19.0,23.2403781414032,0.6079077429983526,0.6072415068076036,0.6117517847336629,0.5749588138385503,0.6073585941790225,0.586490939044481,0.5775,,0.5809994508511807,,,,,,,
ckpt,tiny_mlm,1000,2,0.0002,step1000,0.6536697247706422,5.0,19.0,22.672943115234375,0.6523887973640856,0.6523783143306832,0.6331685886875343,0.6095551894563427,0.6331685886875343,0.6216364634816035,0.5625,,0.5848434925864909,,,,,,,
ckpt,tiny_mlm,1000,0,0.0002,step2500,0.6926605504587156,14.0,19.0,22.68954873085022,0.6765513454146074,0.6760163295389157,0.6606260296540363,0.628226249313564,0.6644700713893466,0.6331685886875343,0.6475,,0.5930807248764415,,,,,,,
ckpt,tiny_mlm,1000,1,0.0002,step2500,0.6754587155963303,18.0,19.0,22.8248131275177,0.6523887973640856,0.6520828522920203,0.6408566721581549,0.6188907193849533,0.6545853926414058,0.6216364634816035,0.585,,0.6095551894563427,,,,,,,
ckpt,tiny_mlm,1000,2,0.0002,step2500,0.6720183486238532,6.0,19.0,22.608622074127197,0.6562328390993959,0.6562319060853454,0.6238330587589237,0.613948380010983,0.6518396485447556,0.6370126304228446,0.5575,,0.5777045579352005,,,,,,,
ckpt,tiny_mlm,1000,0,0.0002,step5000,0.7155963302752294,15.0,19.0,22.57080912590027,0.6683141131246568,0.6675552944078113,0.656781987918726,0.6221856123009335,0.6441515650741351,0.6254805052169138,0.565,,0.5947281713344317,,,,,,,
ckpt,tiny_mlm,1000,1,0.0002,step5000,0.6811926605504587,17.0,19.0,23.014694929122925,0.6452498627127952,0.6452257905746277,0.6326194398682042,0.5936298736957716,0.6375617792421746,0.6073585941790225,0.5525,,0.6079077429983526,,,,,,,
ckpt,tiny_mlm,1000,2,0.0002,step5000,0.6869266055045872,8.0,19.0,23.088826894760132,0.6562328390993959,0.6561954108961058,0.6309719934102141,0.6117517847336629,0.6600768808347062,0.629873695771554,0.5475,,0.5804503020318507,,,,,,,
curve,tfidf_lr,6920,0,,,0.801605504587156,,,2.4560537338256836,0.8132894014277869,0.813106286177943,0.7995606809445359,0.7748489840746843,0.7792421746293245,0.757276221856123,0.725,10.0,,sst2,0.6269035532994924,0.6058793508216801,0.7532197756543415,0.6669578367137011,,
curve,tiny_scratch,6920,0,0.0002,,0.7821100917431193,2.0,5.0,87.37823534011841,0.7819879187259747,0.7818718833700382,0.7583745194947831,0.7309170785282811,0.7737506864360242,0.7353102690829215,0.6775,,,sst2,0.48984771573604063,0.48910722464857337,0.7652679684254259,0.65707452193724,,
curve,tiny_mlm,6920,0,0.0002,,0.7855504587155964,2.0,5.0,84.16303181648254,0.7605711147721033,0.7569258539906781,0.7287204832509611,0.6798462383305875,0.7495881383855024,0.7067545304777595,0.655,,,sst2,0.46446700507614214,0.46068363315536465,0.8051516410469464,0.6736261750603161,,
curve,tfidf_lr,6920,1,,,0.801605504587156,,,2.425067901611328,0.8132894014277869,0.813106286177943,0.7995606809445359,0.7748489840746843,0.7792421746293245,0.757276221856123,0.725,10.0,,sst2,0.6269035532994924,0.6058793508216801,0.7532197756543415,0.6669578367137011,,
curve,tiny_scratch,6920,1,0.0002,,0.7809633027522935,1.0,5.0,92.58759927749634,0.7753981328940143,0.7753371576050612,0.757276221856123,0.7309170785282811,0.7644151565074135,0.7270730367929709,0.69,,,sst2,0.5380710659898477,0.5346053997923157,0.7116742833402576,0.620661512105528,,
curve,tiny_mlm,6920,1,0.0002,,0.7958715596330275,3.0,5.0,86.52980875968933,0.7759472817133443,0.7757427069473857,0.7583745194947831,0.7122460186710599,0.7753981328940143,0.7237781438769907,0.62,,,sst2,0.550761421319797,0.5431061027942476,0.5542168674698795,0.5182125045586525,,
curve,tfidf_lr,6920,2,,,0.801605504587156,,,2.420687675476074,0.8132894014277869,0.813106286177943,0.7995606809445359,0.7748489840746843,0.7792421746293245,0.757276221856123,0.725,10.0,,sst2,0.6269035532994924,0.6058793508216801,0.7532197756543415,0.6669578367137011,,
curve,tiny_scratch,6920,2,0.0002,,0.786697247706422,4.0,5.0,85.68023443222046,0.7968149368478857,0.7968075224975271,0.7781438769906645,0.7468423942888522,0.7704557935200439,0.7254255903349808,0.675,,,sst2,0.5406091370558376,0.535580085311452,0.7374324885749897,0.6406824563591493,,
curve,tiny_mlm,6920,2,0.0002,,0.7878440366972477,4.0,5.0,83.97066736221313,0.7874794069192751,0.7874629989580144,0.7677100494233937,0.7259747391543108,0.7775947281713345,0.7166392092257001,0.635,,,sst2,0.5380710659898477,0.5350037610562084,0.6909015371832157,0.6128056374278716,,
pilot,tiny_scratch,100,0,0.0002,lr0.0002,0.7908163265306123,16.0,30.0,6.124139070510864,0.7208121827411168,0.5943314987457411,0.7106598984771574,0.7055837563451777,0.7182741116751269,0.7030456852791879,,,,finance,,,0.21894474449522228,0.19732851995805326,0.500274574409665,0.3439058961405065
pilot,tiny_scratch,100,0,0.0005,lr0.0005,0.7908163265306123,16.0,30.0,5.9382288455963135,0.7309644670050761,0.637578534485751,0.7258883248730964,0.7309644670050761,0.7081218274111675,0.7030456852791879,,,,finance,,,0.26547569588699627,0.2604204900619529,0.5090609555189456,0.38908027343222285
pilot,tiny_scratch,100,0,0.001,lr0.001,0.7959183673469388,22.0,30.0,8.11087417602539,0.7208121827411168,0.6407493368700266,0.7284263959390863,0.6928934010152284,0.6802030456852792,0.6624365482233503,,,,finance,,,0.3398421271292065,0.33733680195504134,0.528830313014827,0.4938061297220242
pilot,tiny_scratch,100,0,0.002,lr0.002,0.8010204081632653,7.0,30.0,11.048255920410156,0.7182741116751269,0.5406623184295932,0.7081218274111675,0.7208121827411168,0.7208121827411168,0.6954314720812182,,,,finance,,,0.21686746987951808,0.19727957230657472,0.499725425590335,0.3445667698519781
pilot,tiny_scratch,100,0,0.004,lr0.004,0.7755102040816326,13.0,30.0,15.971328020095825,0.7055837563451777,0.611360544217687,0.6928934010152284,0.7055837563451777,0.6802030456852792,0.682741116751269,,,,finance,,,0.30743664312422103,0.3074060399493008,0.5107084019769358,0.4132979590862625
pilot,tiny_scratch,700,0,0.0002,lr0.0002,0.8520408163265306,8.0,28.0,45.74896001815796,0.8629441624365483,0.8247157686604054,0.850253807106599,0.8248730964467005,0.8274111675126904,0.7918781725888325,,,,finance,,,0.29705027004570006,0.2934844306648662,0.5172981878088962,0.42667034401735043
pilot,tiny_scratch,700,0,0.0005,lr0.0005,0.8571428571428571,8.0,28.0,42.0549099445343,0.8629441624365483,0.8287783679381941,0.8553299492385786,0.8197969543147208,0.8147208121827412,0.7766497461928934,,,,finance,,,0.29705027004570006,0.29629222615720197,0.5096101043382757,0.4699695603410259
pilot,tiny_scratch,700,0,0.001,lr0.001,0.8367346938775511,7.0,28.0,28.274964332580566,0.8477157360406091,0.809753742153549,0.8451776649746193,0.817258883248731,0.8248730964467005,0.7944162436548223,,,,finance,,,0.31159119235562943,0.30945100440760964,0.5216913783635365,0.463875350396172
pilot,tiny_scratch,700,0,0.002,lr0.002,0.8316326530612245,10.0,28.0,26.027907133102417,0.8578680203045685,0.824403909209563,0.8426395939086294,0.8324873096446701,0.8121827411167513,0.7791878172588832,,,,finance,,,0.36684669713336104,0.3655456254903344,0.528281164195497,0.4924243579613763
pilot,tiny_scratch,700,0,0.004,lr0.004,0.8520408163265306,7.0,28.0,25.41693377494812,0.8350253807106599,0.7815051488341538,0.8248730964467005,0.8197969543147208,0.8274111675126904,0.7868020304568528,,,,finance,,,0.2899875363523058,0.28562953855344586,0.5145524437122461,0.42129792068102734
pilot,tiny_mlm,100,0,0.0002,lr0.0002,0.7346938775510204,6.0,30.0,5.223290920257568,0.6878172588832487,0.5518877083969043,0.682741116751269,0.6776649746192893,0.6751269035532995,0.6548223350253807,,,,finance,,,0.2056501869547154,0.18082735621086748,0.500274574409665,0.3353993275024545
pilot,tiny_mlm,100,0,0.0005,lr0.0005,0.7551020408163265,9.0,30.0,5.639816045761108,0.6878172588832487,0.5749953958273041,0.682741116751269,0.6421319796954315,0.6700507614213198,0.6015228426395939,,,,finance,,,0.23140839218944745,0.22240511245129718,0.4953322350356947,0.35642698508840237
pilot,tiny_mlm,100,0,0.001,lr0.001,0.7397959183673469,14.0,30.0,5.400275945663452,0.6802030456852792,0.5463815789473684,0.7030456852791879,0.6598984771573604,0.6751269035532995,0.6421319796954315,,,,finance,,,0.25301204819277107,0.24827866756710937,0.5079626578802856,0.41282417430558754
pilot,tiny_mlm,100,0,0.002,lr0.002,0.7448979591836735,3.0,30.0,5.887276887893677,0.6649746192893401,0.5131977984948893,0.6573604060913706,0.6395939086294417,0.6675126903553299,0.631979695431472,,,,finance,,,0.22642293311175737,0.21996565076279812,0.5030203185063152,0.3981959078176232
pilot,tiny_mlm,100,0,0.004,lr0.004,0.7295918367346939,2.0,30.0,5.347045183181763,0.6954314720812182,0.4101796407185629,0.6954314720812182,0.6954314720812182,0.6954314720812182,0.6928934010152284,,,,finance,,,0.1981719983381803,0.16539528432732317,0.49917627677100496,0.33296703296703295
pilot,tiny_mlm,700,0,0.0002,lr0.0002,0.8316326530612245,25.0,28.0,26.316598892211914,0.8274111675126904,0.7792717086834734,0.8274111675126904,0.7791878172588832,0.7918781725888325,0.748730964467005,,,,finance,,,0.37847943498130454,0.3677889207258835,0.5436573311367381,0.5419860705745048
pilot,tiny_mlm,700,0,0.0005,lr0.0005,0.8520408163265306,12.0,28.0,27.58219289779663,0.8197969543147208,0.7868014114670263,0.7969543147208121,0.7639593908629442,0.7715736040609137,0.7182741116751269,,,,finance,,,0.4665558786871624,0.4250111627076264,0.5398132894014278,0.5395320964050867
pilot,tiny_mlm,700,0,0.001,lr0.001,0.8418367346938775,12.0,28.0,30.116880178451538,0.8197969543147208,0.7779753164808128,0.8248730964467005,0.7969543147208121,0.7791878172588832,0.7208121827411168,,,,finance,,,0.3689239717490652,0.3607609886243338,0.5172981878088962,0.5155303923405412
pilot,tiny_mlm,700,0,0.002,lr0.002,0.8112244897959183,12.0,28.0,29.748857736587524,0.8096446700507615,0.777878002029541,0.7588832487309645,0.751269035532995,0.748730964467005,0.7131979695431472,,,,finance,,,0.41877856252596596,0.3903238836416754,0.5200439319055464,0.5197506590191477
pilot,tiny_mlm,700,0,0.004,lr0.004,0.8367346938775511,20.0,28.0,37.4527850151062,0.799492385786802,0.7542845865403591,0.8045685279187818,0.7639593908629442,0.7766497461928934,0.7182741116751269,,,,finance,,,0.43705857914416285,0.4083741160716731,0.5271828665568369,0.5255138865813435
curve,tfidf_lr,50,0,,,0.7602040816326531,,,0.7200860977172852,0.7106598984771574,0.50489417989418,0.7081218274111675,0.7081218274111675,0.7106598984771574,0.7030456852791879,,30.0,,finance,,,0.20108018280016618,0.16996919031369717,0.4958813838550247,0.34364516716714205
curve,tfidf_nb,50,0,,,0.7653061224489796,,,0.03525495529174805,0.7106598984771574,0.5208039943669185,0.7182741116751269,0.6979695431472082,0.700507614213198,0.7030456852791879,,0.3,,finance,,,0.2064810968009971,0.1773428720716336,0.5013728720483251,0.34162342440488136
curve,tiny_scratch,50,0,0.0005,,0.75,21.0,30.0,5.884735107421875,0.7081218274111675,0.5741341228441186,0.7106598984771574,0.6903553299492385,0.7055837563451777,0.6802030456852792,,,,finance,,,0.2796011632737848,0.2756844465423649,0.5068643602416255,0.4108910677076579
curve,tiny_mlm,50,0,0.0005,,0.7346938775510204,2.0,30.0,7.267243146896362,0.6979695431472082,0.4190590655085681,0.6928934010152284,0.6878172588832487,0.6928934010152284,0.6954314720812182,,,,finance,,,0.19983381803074365,0.16991082939406962,0.49917627677100496,0.3349053430174256
curve,tfidf_lr,50,1,,,0.75,,,0.14743590354919434,0.7309644670050761,0.5990399385560676,0.7258883248730964,0.7284263959390863,0.7182741116751269,0.7157360406091371,,10.0,,finance,,,0.19858745326132116,0.1662550707284808,0.499725425590335,0.33515242234605974
curve,tfidf_nb,50,1,,,0.7346938775510204,,,0.03746986389160156,0.7385786802030457,0.6415365998003728,0.7385786802030457,0.7360406091370558,0.7233502538071066,0.7233502538071066,,0.3,,finance,,,0.21852928957208143,0.19374684470752276,0.5019220208676551,0.35106282245063863
curve,tiny_scratch,50,1,0.0005,,0.7346938775510204,5.0,30.0,6.8726887702941895,0.6700507614213198,0.5039321272227172,0.6802030456852792,0.6852791878172588,0.6903553299492385,0.6903553299492385,,,,finance,,,0.19900290818446198,0.16654525914399793,0.499725425590335,0.33418433385763313
curve,tiny_mlm,50,1,0.0005,,0.7295918367346939,1.0,30.0,6.200454950332642,0.6928934010152284,0.40929535232383807,0.6954314720812182,0.6954314720812182,0.6928934010152284,0.6852791878172588,,,,finance,,,0.2002492729538845,0.16965864157320384,0.500823723228995,0.3423054229469506
curve,tfidf_lr,50,2,,,0.7346938775510204,,,0.09130191802978516,0.7081218274111675,0.4798829133903461,0.7081218274111675,0.7030456852791879,0.7055837563451777,0.700507614213198,,10.0,,finance,,,0.20191109264644785,0.17055461129672397,0.499725425590335,0.33515242234605974
curve,tfidf_nb,50,2,,,0.7551020408163265,,,0.03762006759643555,0.7208121827411168,0.5909468438538206,0.7131979695431472,0.7157360406091371,0.7131979695431472,0.7157360406091371,,0.1,,finance,,,0.22393020357291235,0.20504426443526955,0.4986271279516749,0.3631064636205147
curve,tiny_scratch,50,2,0.0005,,0.7653061224489796,12.0,30.0,5.633886814117432,0.6878172588832487,0.5865405124092449,0.682741116751269,0.6852791878172588,0.6624365482233503,0.6751269035532995,,,,finance,,,0.25259659326963024,0.24839336053692523,0.49917627677100496,0.3650278037769091
curve,tiny_mlm,50,2,0.0005,,0.7295918367346939,1.0,30.0,6.64615797996521,0.6954314720812182,0.4101796407185629,0.6954314720812182,0.6954314720812182,0.6954314720812182,0.6954314720812182,,,,finance,,,0.1981719983381803,0.16539528432732317,0.499725425590335,0.3361155743199304
curve,tfidf_lr,100,0,,,0.7653061224489796,,,0.3104531764984131,0.7131979695431472,0.574404221353395,0.7233502538071066,0.7106598984771574,0.7055837563451777,0.7081218274111675,,30.0,,finance,,,0.20191109264644785,0.17055461129672397,0.5019220208676551,0.33998458302846385
curve,tfidf_nb,100,0,,,0.8010204081632653,,,0.06446218490600586,0.7284263959390863,0.6450002105174519,0.7309644670050761,0.7131979695431472,0.7157360406091371,0.7157360406091371,,0.1,,finance,,,0.23057748234316577,0.21080402401492224,0.5096101043382757,0.3637045190336575
curve,tiny_scratch,100,0,0.0005,,0.7908163265306123,16.0,30.0,11.439014196395874,0.7309644670050761,0.637578534485751,0.7258883248730964,0.7309644670050761,0.7081218274111675,0.7030456852791879,,,,finance,,,0.26547569588699627,0.2604204900619529,0.5090609555189456,0.38908027343222285
curve,tiny_mlm,100,0,0.0005,,0.7551020408163265,9.0,30.0,11.385869026184082,0.6878172588832487,0.5749953958273041,0.682741116751269,0.6421319796954315,0.6700507614213198,0.6015228426395939,,,,finance,,,0.23140839218944745,0.22240511245129718,0.4953322350356947,0.35642698508840237
curve,tfidf_lr,100,1,,,0.7346938775510204,,,0.2112140655517578,0.748730964467005,0.586042217198892,0.748730964467005,0.7258883248730964,0.7055837563451777,0.7106598984771574,,3.0,,finance,,,0.1981719983381803,0.16568067953730087,0.49917627677100496,0.33296703296703295
curve,tfidf_nb,100,1,,,0.7397959183673469,,,0.0415339469909668,0.7741116751269036,0.6676429052100809,0.766497461928934,0.7411167512690355,0.748730964467005,0.7385786802030457,,0.3,,finance,,,0.21312837557125053,0.1873125537470711,0.5030203185063152,0.348883563903447
curve,tiny_scratch,100,1,0.0005,,0.7295918367346939,0.0,30.0,8.269593000411987,0.6954314720812182,0.4101796407185629,0.6954314720812182,0.6954314720812182,0.6954314720812182,0.6954314720812182,,,,finance,,,0.1981719983381803,0.16539528432732317,0.49917627677100496,0.33296703296703295
curve,tiny_mlm,100,1,0.0005,,0.7346938775510204,13.0,30.0,10.585975885391235,0.7157360406091371,0.5869557078138455,0.7233502538071066,0.7157360406091371,0.700507614213198,0.6700507614213198,,,,finance,,,0.4424594931449938,0.42604939587775414,0.5447556287753982,0.5247069972750156
curve,tfidf_lr,100,2,,,0.7397959183673469,,,0.16811203956604004,0.748730964467005,0.6554575085459893,0.751269035532995,0.7360406091370558,0.7309644670050761,0.7233502538071066,,30.0,,finance,,,0.20731200664727878,0.17977885285813894,0.5013728720483251,0.34256163777884513
curve,tfidf_nb,100,2,,,0.7551020408163265,,,0.054199934005737305,0.7411167512690355,0.6238346624733236,0.7411167512690355,0.733502538071066,0.7182741116751269,0.7385786802030457,,0.3,,finance,,,0.2064810968009971,0.17787365201443192,0.500274574409665,0.3382782800370572
curve,tiny_scratch,100,2,0.0005,,0.7448979591836735,18.0,30.0,8.915111064910889,0.7563451776649747,0.6671008625242034,0.7588832487309645,0.7411167512690355,0.7411167512690355,0.7030456852791879,,,,finance,,,0.22434565849605317,0.2055739082642698,0.5024711696869851,0.3467898262673614
curve,tiny_mlm,100,2,0.0005,,0.7295918367346939,1.0,30.0,8.088908910751343,0.6954314720812182,0.4101796407185629,0.6954314720812182,0.6954314720812182,0.6954314720812182,0.6954314720812182,,,,finance,,,0.19692563356875778,0.16480995321193387,0.500274574409665,0.33922818042618347
curve,tfidf_lr,300,0,,,0.8010204081632653,,,0.23231196403503418,0.799492385786802,0.7326565143824026,0.8020304568527918,0.7842639593908629,0.7588832487309645,0.733502538071066,,30.0,,finance,,,0.21146655587868715,0.18534642631949855,0.5019220208676551,0.3664755586428786
curve,tfidf_nb,300,0,,,0.8214285714285714,,,0.07687997817993164,0.7944162436548223,0.7394243723208818,0.7969543147208121,0.7893401015228426,0.7741116751269036,0.7639593908629442,,0.1,,finance,,,0.2542584129621936,0.2415144554232963,0.5249862712795168,0.42351167220830455
curve,tiny_scratch,300,0,0.0005,,0.8367346938775511,28.0,30.0,17.439449071884155,0.8020304568527918,0.7705197132616487,0.7690355329949239,0.766497461928934,0.7741116751269036,0.7385786802030457,,,,finance,,,0.40174491067719154,0.3977924895719387,0.5420098846787479,0.5217275468788971
curve,tiny_mlm,300,0,0.0005,,0.7448979591836735,19.0,30.0,16.269079208374023,0.748730964467005,0.6736309249884952,0.7715736040609137,0.7182741116751269,0.7208121827411168,0.6802030456852792,,,,finance,,,0.3813876194432904,0.37783049288042325,0.5227896760021966,0.5192615984725241
curve,tfidf_lr,300,1,,,0.7704081632653061,,,0.3314838409423828,0.7842639593908629,0.692783297098458,0.7715736040609137,0.751269035532995,0.7614213197969543,0.751269035532995,,10.0,,finance,,,0.2160365600332364,0.19213720905124687,0.5046677649643053,0.36290144909547895
curve,tfidf_nb,300,1,,,0.7806122448979592,,,0.07336807250976562,0.8020304568527918,0.7483294025157232,0.7842639593908629,0.7766497461928934,0.7868020304568528,0.7842639593908629,,0.1,,finance,,,0.2787702534275031,0.27182933850827334,0.5249862712795168,0.4516368231687894
curve,tiny_scratch,300,1,0.0005,,0.8112244897959183,11.0,30.0,16.46806287765503,0.799492385786802,0.7098485201584712,0.766497461928934,0.748730964467005,0.7766497461928934,0.7411167512690355,,,,finance,,,0.21437474034067303,0.19183227406741243,0.5178473366282262,0.4050153468751024
curve,tiny_mlm,300,1,0.0005,,0.8214285714285714,24.0,30.0,14.37185001373291,0.7944162436548223,0.7312618416066692,0.7842639593908629,0.7614213197969543,0.7639593908629442,0.7131979695431472,,,,finance,,,0.40548400498545906,0.3979080361679913,0.5551894563426688,0.542177148617912
curve,tfidf_lr,300,2,,,0.7755102040816326,,,2.6419930458068848,0.7944162436548223,0.7312618416066692,0.7918781725888325,0.7690355329949239,0.766497461928934,0.7436548223350253,,30.0,,finance,,,0.22060656418778563,0.19766666666666666,0.5107084019769358,0.37192433723466645
curve,tfidf_nb,300,2,,,0.7806122448979592,,,0.07277703285217285,0.7791878172588832,0.6830425254514688,0.7741116751269036,0.766497461928934,0.7614213197969543,0.7639593908629442,,0.3,,finance,,,0.21686746987951808,0.1943965291470505,0.5107084019769358,0.3668538841348512
curve,tiny_scratch,300,2,0.0005,,0.826530612244898,21.0,30.0,13.173513889312744,0.8248730964467005,0.7865202949421659,0.8147208121827412,0.7868020304568528,0.7766497461928934,0.7436548223350253,,,,finance,,,0.27586206896551724,0.2741763121058415,0.5161998901702362,0.43509354595746885
curve,tiny_mlm,300,2,0.0005,,0.7908163265306123,21.0,30.0,16.33988094329834,0.7791878172588832,0.7015021552662515,0.7766497461928934,0.7690355329949239,0.7538071065989848,0.7131979695431472,,,,finance,,,0.3560448691316992,0.3547216007283585,0.5381658429434377,0.5228744160398036
curve,tfidf_lr,700,0,,,0.8520408163265306,,,0.40106892585754395,0.8324873096446701,0.7895299145299145,0.8274111675126904,0.8274111675126904,0.8223350253807107,0.7842639593908629,,30.0,,finance,,,0.26132114665558787,0.250817866460893,0.515650741350906,0.41446347637907804
curve,tfidf_nb,700,0,,,0.8418367346938775,,,0.12405991554260254,0.8527918781725888,0.8150414400414401,0.8274111675126904,0.8147208121827412,0.8121827411167513,0.8045685279187818,,0.1,,finance,,,0.3286248442044038,0.3284105114126869,0.5244371224601867,0.45475271761679525
curve,tiny_scratch,700,0,0.0005,,0.8571428571428571,8.0,28.0,27.163745164871216,0.8629441624365483,0.8287783679381941,0.8553299492385786,0.8197969543147208,0.8147208121827412,0.7766497461928934,,,,finance,,,0.29705027004570006,0.29629222615720197,0.5096101043382757,0.4699695603410259
curve,tiny_mlm,700,0,0.0005,,0.8520408163265306,12.0,28.0,26.94361710548401,0.8197969543147208,0.7868014114670263,0.7969543147208121,0.7639593908629442,0.7715736040609137,0.7182741116751269,,,,finance,,,0.4665558786871624,0.4250111627076264,0.5398132894014278,0.5395320964050867
curve,tfidf_lr,700,1,,,0.8367346938775511,,,0.46823978424072266,0.8654822335025381,0.8252771618625276,0.8299492385786802,0.8248730964467005,0.8223350253807107,0.766497461928934,,10.0,,finance,,,0.2330702118820108,0.21461220951772236,0.5167490389895661,0.3919441940095985
curve,tfidf_nb,700,1,,,0.8367346938775511,,,0.14400386810302734,0.8654822335025381,0.8351529504637853,0.8375634517766497,0.817258883248731,0.817258883248731,0.7791878172588832,,0.1,,finance,,,0.31076028250934773,0.3088664092549154,0.5315760571114773,0.4701557932911976
curve,tiny_scratch,700,1,0.0005,,0.8571428571428571,13.0,28.0,27.486765146255493,0.8654822335025381,0.8263696608379689,0.8375634517766497,0.8045685279187818,0.8045685279187818,0.748730964467005,,,,finance,,,0.26422933111757374,0.2562055183000826,0.5304777594728172,0.4675556953865463
curve,tiny_mlm,700,1,0.0005,,0.8469387755102041,19.0,28.0,26.020056009292603,0.8451776649746193,0.8037640334762196,0.8299492385786802,0.8071065989847716,0.8197969543147208,0.7766497461928934,,,,finance,,,0.3855421686746988,0.38200893147759973,0.5414607358594179,0.5223767843708822
curve,tfidf_lr,700,2,,,0.8520408163265306,,,0.36335206031799316,0.8401015228426396,0.7948781515729975,0.8248730964467005,0.8096446700507615,0.817258883248731,0.7918781725888325,,30.0,,finance,,,0.23182384711258827,0.21281894409273241,0.514003294892916,0.3834314600560028
curve,tfidf_nb,700,2,,,0.8214285714285714,,,0.13291120529174805,0.8375634517766497,0.8025062656641604,0.8274111675126904,0.8096446700507615,0.8299492385786802,0.8020304568527918,,0.1,,finance,,,0.26879933527212296,0.2656751603397469,0.5304777594728172,0.4485213249897192
curve,tiny_scratch,700,2,0.0005,,0.8418367346938775,12.0,28.0,26.08826208114624,0.868020304568528,0.8442214111922142,0.850253807106599,0.8274111675126904,0.8375634517766497,0.7944162436548223,,,,finance,,,0.4345658496053178,0.4109448737486121,0.5172981878088962,0.47299191342714825
curve,tiny_mlm,700,2,0.0005,,0.8622448979591837,14.0,28.0,25.97503089904785,0.8451776649746193,0.8025906182493203,0.8197969543147208,0.7918781725888325,0.8071065989847716,0.7791878172588832,,,,finance,,,0.3572912339011217,0.356544451500581,0.5513454146073586,0.5353368748861967
curve,tfidf_lr,1377,0,,,0.8877551020408163,,,0.6117148399353027,0.8730964467005076,0.8405529655529655,0.850253807106599,0.8477157360406091,0.8350253807106599,0.799492385786802,,30.0,,finance,,,0.26755297050270044,0.25835882782154296,0.5222405271828665,0.4249557175213427
curve,tfidf_nb,1377,0,,,0.8571428571428571,,,0.2114408016204834,0.8324873096446701,0.767763369413782,0.8223350253807107,0.8121827411167513,0.8274111675126904,0.799492385786802,,0.3,,finance,,,0.21977565434150395,0.20036674176511543,0.5101592531576057,0.3716356107660455
curve,tiny_scratch,1377,0,0.0005,,0.8520408163265306,6.0,14.0,25.875953912734985,0.8654822335025381,0.8385183466728531,0.8578680203045685,0.8604060913705583,0.8426395939086294,0.8121827411167513,,,,finance,,,0.35022850020772744,0.35019608655426215,0.5233388248215266,0.5076563286502435
curve,tiny_mlm,1377,0,0.0005,,0.8673469387755102,4.0,14.0,39.28009915351868,0.850253807106599,0.81649102032761,0.8451776649746193,0.8147208121827412,0.8147208121827412,0.7766497461928934,,,,finance,,,0.46489405899459907,0.44066157547800255,0.5359692476661175,0.5356981749220378
curve,tfidf_lr,1377,1,,,0.8877551020408163,,,0.6683809757232666,0.8730964467005076,0.8405529655529655,0.850253807106599,0.8477157360406091,0.8350253807106599,0.799492385786802,,30.0,,finance,,,0.26755297050270044,0.25835882782154296,0.5222405271828665,0.4249557175213427
curve,tfidf_nb,1377,1,,,0.8571428571428571,,,0.2482919692993164,0.8324873096446701,0.767763369413782,0.8223350253807107,0.8121827411167513,0.8274111675126904,0.799492385786802,,0.3,,finance,,,0.21977565434150395,0.20036674176511543,0.5101592531576057,0.3716356107660455
curve,tiny_scratch,1377,1,0.0005,,0.8571428571428571,3.0,14.0,35.59725785255432,0.8654822335025381,0.8304963675473842,0.8629441624365483,0.8324873096446701,0.8223350253807107,0.7868020304568528,,,,finance,,,0.29497299542999583,0.29419332052241054,0.5409115870400879,0.5100540938570903
curve,tiny_mlm,1377,1,0.0005,,0.8622448979591837,5.0,14.0,41.4075288772583,0.8781725888324873,0.8526414212248714,0.8578680203045685,0.817258883248731,0.8350253807106599,0.7842639593908629,,,,finance,,,0.4669713336103033,0.4435321886409016,0.5414607358594179,0.5411928710768066
curve,tfidf_lr,1377,2,,,0.8877551020408163,,,0.6325368881225586,0.8730964467005076,0.8405529655529655,0.850253807106599,0.8477157360406091,0.8350253807106599,0.799492385786802,,30.0,,finance,,,0.26755297050270044,0.25835882782154296,0.5222405271828665,0.4249557175213427
curve,tfidf_nb,1377,2,,,0.8571428571428571,,,0.2096703052520752,0.8324873096446701,0.767763369413782,0.8223350253807107,0.8121827411167513,0.8274111675126904,0.799492385786802,,0.3,,finance,,,0.21977565434150395,0.20036674176511543,0.5101592531576057,0.3716356107660455
curve,tiny_scratch,1377,2,0.0005,,0.8622448979591837,3.0,14.0,25.342659950256348,0.8857868020304569,0.8622024295273847,0.8730964467005076,0.8477157360406091,0.8401015228426396,0.7944162436548223,,,,finance,,,0.4233485666805152,0.4042470177721096,0.5271828665568369,0.5183938074504112
curve,tiny_mlm,1377,2,0.0005,,0.8724489795918368,7.0,14.0,25.677134037017822,0.8654822335025381,0.8385183466728531,0.8527918781725888,0.8274111675126904,0.8197969543147208,0.7817258883248731,,,,finance,,,0.48400498545907766,0.45945125920354113,0.5469522240527183,0.5446314661907448
pilot,tiny_scratch,300,0,0.0002,lr0.0002,0.867195242814668,7.0,30.0,15.968217849731445,0.8487744079767345,0.6943095353731584,0.8483589530535937,0.8367262152056502,0.8417116742833403,0.8255089322808475,,,,airline,0.30456852791878175,0.2360450634057971,,,0.5068643602416255,0.383344093255339
pilot,tiny_scratch,300,0,0.0005,lr0.0005,0.8681863230921705,4.0,30.0,19.192979097366333,0.8491898628998754,0.6983818602652195,0.8479434981304529,0.837141670128791,0.8442044038221853,0.8267552970502701,,,,airline,0.31218274111675126,0.2481286660892466,,,0.5118066996155958,0.39649048901646833
pilot,tiny_scratch,300,0,0.001,lr0.001,0.8662041625371655,5.0,30.0,17.49411416053772,0.8537598670544246,0.7050910417380214,0.8500207727461571,0.8363107602825094,0.8466971333610304,0.8350643955130869,,,,airline,0.3299492385786802,0.2755133312902237,,,0.5057660626029654,0.39153969526864474
pilot,tiny_scratch,300,0,0.002,lr0.002,0.8721506442021804,8.0,30.0,17.68835210800171,0.8554216867469879,0.7125319166460753,0.8487744079767345,0.8358953053593685,0.8500207727461571,0.8383880348982136,,,,airline,0.3248730964467005,0.26780125195618154,,,0.5024711696869851,0.383113474222641
pilot,tiny_scratch,300,0,0.004,lr0.004,0.869177403369673,17.0,30.0,19.703094720840454,0.8508516825924387,0.7010023760974355,0.8458662235147486,0.8367262152056502,0.837141670128791,0.8213543830494391,,,,airline,0.3248730964467005,0.27002479592121026,,,0.5041186161449753,0.41403441253347445
pilot,tiny_scratch,3000,0,0.0002,lr0.0002,0.9306243805748265,5.0,7.0,25.22088074684143,0.9115081013710012,0.8512483951691873,0.9031990029081844,0.8865808059825508,0.8869962609056917,0.8678853344412131,,,,airline,0.3248730964467005,0.2743110372524581,,,0.5260845689181768,0.4382685269482396
pilot,tiny_scratch,3000,0,0.0005,lr0.0005,0.9276511397423192,3.0,7.0,26.4980731010437,0.904445367677607,0.8409261745274995,0.8982135438304943,0.8820108018280016,0.8807644370585791,0.8678853344412131,,,,airline,0.3223350253807107,0.2639121155931847,,,0.5376166941241076,0.45108817060178025
pilot,tiny_scratch,3000,0,0.001,lr0.001,0.929633300297324,2.0,7.0,25.344588041305542,0.8998753635230577,0.8340424095373539,0.896551724137931,0.8824262567511425,0.8815953469048609,0.8637307852098047,,,,airline,0.33756345177664976,0.2889709390362795,,,0.5409115870400879,0.4588833281201126
pilot,tiny_scratch,3000,0,0.002,lr0.002,0.9217046580773043,0.0,7.0,25.2453670501709,0.8973826339842127,0.83607633589891,0.8907353552139593,0.8770253427503116,0.8874117158288326,0.8678853344412131,,,,airline,0.35279187817258884,0.30917592051431914,,,0.528830313014827,0.4265682575568507
pilot,tiny_scratch,3000,0,0.004,lr0.004,0.9068384539147671,0.0,7.0,41.78445315361023,0.8828417116742834,0.8082910246937849,0.883672621520565,0.8649771499792273,0.8724553385957624,0.8545907769007063,,,,airline,0.3299492385786802,0.2755133312902237,,,0.5260845689181768,0.4175758687591379
pilot,tiny_mlm,300,0,0.0002,lr0.0002,0.8582755203171457,24.0,30.0,32.4781060218811,0.8321562110511009,0.6857255510309611,0.8300789364353968,0.8246780224345659,0.8155380141254673,0.7935189031990029,,,,airline,0.32741116751269034,0.30212350696138657,,,0.5046677649643053,0.4173349849734801
pilot,tiny_mlm,300,0,0.0005,lr0.0005,0.8622398414271556,11.0,30.0,33.55792689323425,0.8417116742833403,0.6811737649862588,0.8396343996676361,0.8309098462816784,0.8350643955130869,0.82176983797258,,,,airline,0.3020304568527919,0.24867035108278843,,,0.5030203185063152,0.381937477614991
pilot,tiny_mlm,300,0,0.001,lr0.001,0.8612487611496531,11.0,30.0,39.88093709945679,0.8375571250519319,0.6839663998737393,0.8317407561279602,0.8284171167428334,0.8334025758205235,0.8072289156626506,,,,airline,0.3147208121827411,0.2675369743038916,,,0.5090609555189456,0.40649699306450765
pilot,tiny_mlm,300,0,0.002,lr0.002,0.8562933597621407,9.0,30.0,38.90515971183777,0.8412962193601994,0.6922802494223608,0.8350643955130869,0.824262567511425,0.8334025758205235,0.82176983797258,,,,airline,0.3096446700507614,0.26983348322568335,,,0.4958813838550247,0.3808178038799681
pilot,tiny_mlm,300,0,0.004,lr0.004,0.8473736372646185,2.0,30.0,34.39900088310242,0.8284171167428334,0.6535723906439653,0.8263398421271292,0.8176152887411716,0.8159534690486082,0.7802243456584961,,,,airline,0.30456852791878175,0.2714536374679444,,,0.514003294892916,0.4286020723827083
pilot,tiny_mlm,3000,0,0.0002,lr0.0002,0.9286422200198216,4.0,7.0,44.67186093330383,0.894058994599086,0.8315856279597738,0.8857498961362692,0.8728707935189032,0.8728707935189032,0.8558371416701288,,,,airline,0.3401015228426396,0.29658316853438804,,,0.5365183964854475,0.46667175614902
pilot,tiny_mlm,3000,0,0.0005,lr0.0005,0.9355797819623389,4.0,7.0,147.14666414260864,0.8998753635230577,0.834615488787614,0.891566265060241,0.8824262567511425,0.8791026173660158,0.8537598670544246,,,,airline,0.35786802030456855,0.32495411974239335,,,0.5310269082921472,0.4651706491684206
pilot,tiny_mlm,3000,0,0.001,lr0.001,0.9207135777998018,6.0,7.0,90.02726721763611,0.8953053593685085,0.8247897120672921,0.8903199002908184,0.8749480681346073,0.8741171582883257,0.8479434981304529,,,,airline,0.3426395939086294,0.30022560979791124,,,0.5271828665568369,0.45716600451818956
pilot,tiny_mlm,3000,0,0.002,lr0.002,0.9157581764122894,4.0,7.0,52.481244802474976,0.8928126298296635,0.8308254331480875,0.8861653510594101,0.8641462401329456,0.8562525965932696,0.8404653095139177,,,,airline,0.3730964467005076,0.3424948145745924,,,0.543108182317408,0.5027137736815156
pilot,tiny_mlm,3000,0,0.004,lr0.004,0.8870168483647175,6.0,7.0,41.04283285140991,0.8574989613626921,0.7662268418037774,0.8516825924387204,0.8462816784378895,0.8421271292064811,0.8093061902783548,,,,airline,0.3604060913705584,0.32995006073694155,,,0.527732015376167,0.47170954448669405
curve,tfidf_lr,100,0,,,0.8305252725470763,,,1.1334850788116455,0.8142916493560449,0.50898735650281,0.8134607395097632,0.811383464894059,0.8122143747403406,0.8142916493560449,,30.0,,airline,0.30710659898477155,0.23755449229133438,,,0.500823723228995,0.33467513900048274
curve,tfidf_nb,100,0,,,0.8453914767096135,,,0.3874959945678711,0.824262567511425,0.5771842682603219,0.8205234732031574,0.8163689239717491,0.8209389281262983,0.813876194432904,,0.1,,airline,0.3248730964467005,0.27219444444444446,,,0.5019220208676551,0.35106282245063863
curve,tiny_scratch,100,0,0.0002,,0.8523290386521308,24.0,30.0,31.71092176437378,0.8309098462816784,0.6561420122829364,0.8275862068965517,0.824262567511425,0.8167843788948899,0.8109680099709181,,,,airline,0.3248730964467005,0.27219444444444446,,,0.5172981878088962,0.4174178578902831
curve,tiny_mlm,100,0,0.0005,,0.8384539147670962,18.0,30.0,17.09300708770752,0.8213543830494391,0.6336144032397377,0.8171998338180307,0.8122143747403406,0.8088907353552139,0.7939343581221437,,,,airline,0.3426395939086294,0.33052543184606403,,,0.5079626578802856,0.3984408873315459
curve,tfidf_lr,100,1,,,0.8562933597621407,,,0.379180908203125,0.8404653095139177,0.6301995979873763,0.8375571250519319,0.8309098462816784,0.8275862068965517,0.8246780224345659,,30.0,,airline,0.30456852791878175,0.23346303501945526,,,0.5013728720483251,0.33492027738001384
curve,tfidf_nb,100,1,,,0.8681863230921705,,,0.1217200756072998,0.8487744079767345,0.6720217417345472,0.8442044038221853,0.8392189447444952,0.834648940589946,0.8280016618196926,,0.1,,airline,0.3223350253807107,0.2683761397066494,,,0.5046677649643053,0.3603350084273951
curve,tiny_scratch,100,1,0.0002,,0.8701684836471755,25.0,30.0,12.653270959854126,0.8508516825924387,0.7233681414914974,0.8500207727461571,0.8446198587453261,0.8354798504362276,0.7814707104279186,,,,airline,0.31218274111675126,0.25288458174439354,,,0.500823723228995,0.459056766247114
curve,tiny_mlm,100,1,0.0005,,0.865213082259663,24.0,30.0,12.078651905059814,0.8329871208973826,0.6797490190056079,0.8334025758205235,0.8271707519734108,0.8097216452014956,0.7760697964270876,,,,airline,0.3756345177664975,0.37330919436182597,,,0.5222405271828665,0.4717465936129576
curve,tfidf_lr,100,2,,,0.8681863230921705,,,0.30118227005004883,0.8500207727461571,0.6725558802637107,0.8454507685916078,0.8321562110511009,0.8292480265891151,0.8263398421271292,,30.0,,airline,0.3096446700507614,0.24412470023980815,,,0.5019220208676551,0.33710778354431753
curve,tfidf_nb,100,2,,,0.8721506442021804,,,0.13949322700500488,0.8491898628998754,0.6767615520784585,0.8442044038221853,0.8354798504362276,0.8363107602825094,0.8288325716659742,,0.1,,airline,0.3197969543147208,0.26672222222222225,,,0.5052169137836353,0.3544639073732286
curve,tiny_scratch,100,2,0.0002,,0.867195242814668,27.0,30.0,22.785314798355103,0.8512671375155796,0.6888617843906976,0.8504362276692978,0.8354798504362276,0.8500207727461571,0.8201080182800167,,,,airline,0.3197969543147208,0.2600005606481092,,,0.5068643602416255,0.4096371014325323
curve,tiny_mlm,100,2,0.0005,,0.8562933597621407,5.0,30.0,24.06468391418457,0.8226007478188616,0.6366137326688741,0.8259243872039884,0.8288325716659742,0.8122143747403406,0.7814707104279186,,,,airline,0.34517766497461927,0.33445945945945943,,,0.5161998901702362,0.40611908335909175
curve,tfidf_lr,300,0,,,0.8771060455896927,,,0.3272528648376465,0.8545907769007063,0.6812552591274237,0.8512671375155796,0.8412962193601994,0.8437889488990444,0.8388034898213543,,30.0,,airline,0.30710659898477155,0.23755449229133438,,,0.5035694673256452,0.3397813099584822
curve,tfidf_nb,300,0,,,0.8622398414271556,,,0.11734294891357422,0.8429580390527628,0.6391172662829292,0.8396343996676361,0.8325716659742418,0.8350643955130869,0.8267552970502701,,0.1,,airline,0.30456852791878175,0.23346303501945526,,,0.5035694673256452,0.3473118279569892
curve,tiny_scratch,300,0,0.0002,,0.867195242814668,7.0,30.0,19.855103015899658,0.8487744079767345,0.6943095353731584,0.8483589530535937,0.8367262152056502,0.8417116742833403,0.8255089322808475,,,,airline,0.30456852791878175,0.2360450634057971,,,0.5068643602416255,0.383344093255339
curve,tiny_mlm,300,0,0.0005,,0.8622398414271556,11.0,30.0,25.529386043548584,0.8417116742833403,0.6811737649862588,0.8396343996676361,0.8309098462816784,0.8350643955130869,0.82176983797258,,,,airline,0.3020304568527919,0.24867035108278843,,,0.5030203185063152,0.381937477614991
curve,tfidf_lr,300,1,,,0.8771060455896927,,,0.35962390899658203,0.8624844204403822,0.7134063057900619,0.857914416285833,0.8433734939759037,0.8396343996676361,0.8358953053593685,,30.0,,airline,0.30710659898477155,0.23755449229133438,,,0.499725425590335,0.3389757164083889
curve,tfidf_nb,300,1,,,0.8622398414271556,,,0.12877178192138672,0.8516825924387204,0.6717883981857246,0.847528043207312,0.8417116742833403,0.8363107602825094,0.8296634815122559,,0.1,,airline,0.31725888324873097,0.25839834866878914,,,0.5052169137836353,0.36233077613382375
curve,tiny_scratch,300,1,0.0002,,0.8721506442021804,19.0,30.0,27.644048929214478,0.8574989613626921,0.7384253516726849,0.8508516825924387,0.8383880348982136,0.8471125882841711,0.8147071042791857,,,,airline,0.3350253807106599,0.2872569597878922,,,0.5101592531576057,0.4700454153942526
curve,tiny_mlm,300,1,0.0005,,0.8711595639246779,9.0,30.0,25.814273834228516,0.845035313668467,0.7044777750457613,0.8471125882841711,0.8296634815122559,0.8388034898213543,0.8196925633568758,,,,airline,0.33756345177664976,0.2909711448960596,,,0.5233388248215266,0.4494795120564847
curve,tfidf_lr,300,2,,,0.8780971258671952,,,0.3217639923095703,0.8608226007478189,0.7099429378842017,0.8550062318238472,0.8412962193601994,0.8442044038221853,0.8379725799750727,,30.0,,airline,0.30456852791878175,0.23346303501945526,,,0.5019220208676551,0.33710778354431753
curve,tfidf_nb,300,2,,,0.8632309217046581,,,0.1159980297088623,0.8466971333610304,0.6607560754356648,0.8392189447444952,0.8317407561279602,0.8367262152056502,0.8313253012048193,,0.1,,airline,0.3020304568527919,0.23196881091617932,,,0.5052169137836353,0.3517614266044262
curve,tiny_scratch,300,2,0.0002,,0.8771060455896927,13.0,30.0,18.88812279701233,0.8583298712089739,0.7431111027650108,0.8566680515164105,0.8417116742833403,0.8462816784378895,0.8147071042791857,,,,airline,0.3248730964467005,0.28412568306010927,,,0.5200439319055464,0.45549027818832727
curve,tiny_mlm,300,2,0.0005,,0.8533201189296333,24.0,30.0,30.61902689933777,0.8246780224345659,0.6811243966266344,0.8134607395097632,0.7806398005816368,0.8167843788948899,0.8039052762775238,,,,airline,0.41116751269035534,0.4111523397237683,,,0.5118066996155958,0.42996386192530056
curve,tfidf_lr,1000,0,,,0.9098116947472745,,,1.1698496341705322,0.8820108018280016,0.7707096185582225,0.8782717075197342,0.8637307852098047,0.8649771499792273,0.8550062318238472,,30.0,,airline,0.3096446700507614,0.2416213768115942,,,0.513454146073586,0.3656499174333569
curve,tfidf_nb,1000,0,,,0.8840436075322101,,,0.34862399101257324,0.8608226007478189,0.7001325769197156,0.8558371416701288,0.8446198587453261,0.845035313668467,0.8412962193601994,,0.1,,airline,0.31218274111675126,0.245663984400941,,,0.5107084019769358,0.36074223528702576
curve,tiny_scratch,1000,0,0.0002,,0.8969276511397423,7.0,19.0,35.91008925437927,0.8741171582883257,0.7841436420101855,0.8695471541337765,0.8537598670544246,0.8583298712089739,0.8446198587453261,,,,airline,0.3248730964467005,0.27002479592121026,,,0.515650741350906,0.434177188433572
curve,tiny_mlm,1000,0,0.0005,,0.8870168483647175,15.0,19.0,34.887593030929565,0.8687162442874948,0.7712863332058378,0.8641462401329456,0.8504362276692978,0.860407145824678,0.8325716659742418,,,,airline,0.3147208121827411,0.25447817677234885,,,0.5030203185063152,0.42026709142761254
curve,tfidf_lr,1000,1,,,0.9137760158572844,,,0.7036640644073486,0.8774407976734524,0.7672919821729203,0.8716244287494807,0.8545907769007063,0.8608226007478189,0.8471125882841711,,30.0,,airline,0.3096446700507614,0.2416213768115942,,,0.5079626578802856,0.3620020333150856
curve,tfidf_nb,1000,1,,,0.8889990089197225,,,0.4078202247619629,0.8633153302866639,0.7122563644734063,0.8550062318238472,0.8496053178230162,0.8471125882841711,0.8433734939759037,,0.1,,airline,0.31725888324873097,0.2536775320221673,,,0.5096101043382757,0.37134678019503425
curve,tiny_scratch,1000,1,0.0002,,0.9157581764122894,5.0,19.0,36.67357778549194,0.8782717075197342,0.8003045616574542,0.8737017033651848,0.8649771499792273,0.868300789364354,0.8354798504362276,,,,airline,0.3629441624365482,0.3333602971411623,,,0.527732015376167,0.4991518528752571
curve,tiny_mlm,1000,1,0.0005,,0.9028741328047571,12.0,19.0,53.578863859176636,0.8674698795180723,0.785847701810622,0.8591607810552555,0.8259243872039884,0.8491898628998754,0.8147071042791857,,,,airline,0.38578680203045684,0.3772988505747127,,,0.5398132894014278,0.5163607205791001
curve,tfidf_lr,1000,2,,,0.9098116947472745,,,0.8426742553710938,0.8832571665974241,0.7797674420876356,0.8774407976734524,0.8620689655172413,0.8608226007478189,0.8566680515164105,,30.0,,airline,0.31218274111675126,0.245663984400941,,,0.5068643602416255,0.3534669264515639
curve,tfidf_nb,1000,2,,,0.8721506442021804,,,0.30541491508483887,0.8591607810552555,0.6989155064751913,0.8500207727461571,0.8458662235147486,0.8466971333610304,0.8400498545907769,,0.1,,airline,0.31218274111675126,0.2481286660892466,,,0.5046677649643053,0.3568525462114591
curve,tiny_scratch,1000,2,0.0002,,0.9028741328047571,9.0,19.0,36.64179992675781,0.8919817199833818,0.8176132521974306,0.8882426256751143,0.8674698795180723,0.8691316992106356,0.8525135022850021,,,,airline,0.36548223350253806,0.3337391774891775,,,0.5348709500274574,0.48031749957293624
curve,tiny_mlm,1000,2,0.0005,,0.8959365708622399,12.0,19.0,36.98049211502075,0.8753635230577482,0.7777896765902763,0.870793518903199,0.8512671375155796,0.8633153302866639,0.8516825924387204,,,,airline,0.32741116751269034,0.2820847801423316,,,0.5118066996155958,0.4139851330585827
curve,tfidf_lr,3000,0,,,0.9226957383548068,,,1.9402859210968018,0.9002908184461986,0.8164066969223142,0.8923971749065226,0.8845035313668467,0.8791026173660158,0.8653926049023681,,30.0,,airline,0.3096446700507614,0.2416213768115942,,,0.5172981878088962,0.38038326871972145
curve,tfidf_nb,3000,0,,,0.8929633300297324,,,0.5597629547119141,0.8745326132114666,0.7420483288999667,0.8691316992106356,0.860407145824678,0.8587453261321146,0.8537598670544246,,0.1,,airline,0.3147208121827411,0.2496826068556919,,,0.5151015925315761,0.3742304571431907
curve,tiny_scratch,3000,0,0.0002,,0.9306243805748265,5.0,7.0,42.6934859752655,0.9115081013710012,0.8512483951691873,0.9031990029081844,0.8865808059825508,0.8869962609056917,0.8678853344412131,,,,airline,0.3248730964467005,0.2743110372524581,,,0.5260845689181768,0.4382685269482396
curve,tiny_mlm,3000,0,0.0005,,0.9355797819623389,4.0,7.0,28.92363429069519,0.8998753635230577,0.834615488787614,0.891566265060241,0.8824262567511425,0.8791026173660158,0.8537598670544246,,,,airline,0.35786802030456855,0.32495411974239335,,,0.5310269082921472,0.4651706491684206
curve,tfidf_lr,3000,1,,,0.931615460852329,,,1.6000239849090576,0.9007062733693394,0.8199517699731307,0.8944744495222269,0.8782717075197342,0.8820108018280016,0.868300789364354,,30.0,,airline,0.3096446700507614,0.2416213768115942,,,0.5145524437122461,0.3730999417403739
curve,tfidf_nb,3000,1,,,0.8959365708622399,,,0.4527089595794678,0.8766098878271708,0.7484702467343978,0.8687162442874948,0.8628998753635231,0.8608226007478189,0.8496053178230162,,0.1,,airline,0.3299492385786802,0.2733065057008719,,,0.5183964854475562,0.38663673496037376
curve,tiny_scratch,3000,1,0.0002,,0.9276511397423192,3.0,7.0,31.746294021606445,0.9110926464478604,0.8479661445174331,0.9065226422933111,0.8828417116742834,0.896551724137931,0.8728707935189032,,,,airline,0.3299492385786802,0.27976734524304114,,,0.5354200988467874,0.466864292754233
curve,tiny_mlm,3000,1,0.0005,,0.9286422200198216,3.0,7.0,29.800339937210083,0.8953053593685085,0.8263168745490156,0.8878271707519734,0.8745326132114666,0.8778562525965933,0.860407145824678,,,,airline,0.3147208121827411,0.26339842127129204,,,0.5299286106534871,0.43903738080980237
curve,tfidf_lr,3000,2,,,0.9286422200198216,,,1.3008477687835693,0.9015371832156212,0.8228846388496392,0.8961362692147902,0.8799335272122975,0.8815953469048609,0.8712089738263399,,30.0,,airline,0.3096446700507614,0.2416213768115942,,,0.514003294892916,0.3711174943426973
curve,tfidf_nb,3000,2,,,0.8929633300297324,,,0.4166111946105957,0.8757789779808891,0.7436684932141121,0.868300789364354,0.8595762359783964,0.8587453261321146,0.8516825924387204,,0.1,,airline,0.31725888324873097,0.256066317112033,,,0.513454146073586,0.37336642431021627
curve,tiny_scratch,3000,2,0.0002,,0.9306243805748265,2.0,7.0,24.232840061187744,0.9036144578313253,0.8500040828079405,0.8957208142916494,0.8761944329040299,0.8820108018280016,0.860407145824678,,,,airline,0.3553299492385787,0.32903346921261534,,,0.5491488193300385,0.4925832641240412
curve,tiny_mlm,3000,2,0.0005,,0.9256689791873142,3.0,7.0,23.52309012413025,0.8932280847528044,0.812748046428631,0.883672621520565,0.8712089738263399,0.88117989198172,0.8587453261321146,,,,airline,0.34517766497461927,0.3124188311688312,,,0.5469522240527183,0.4835591098925162
curve,tfidf_lr,8125,0,,,0.9454905847373637,,,3.035861015319824,0.9202326547569589,0.8630937568876154,0.9102617366015787,0.8936435396759451,0.8928126298296635,0.88117989198172,,30.0,,airline,0.3197969543147208,0.2576490438695163,,,0.5304777594728172,0.40735765609839747
curve,tfidf_nb,8125,0,,,0.9137760158572844,,,1.0116450786590576,0.891566265060241,0.7885646743170969,0.8803489821354383,0.873286248442044,0.8691316992106356,0.8608226007478189,,0.1,,airline,0.32741116751269034,0.27385646824817267,,,0.5255354200988468,0.40522591181273815
curve,tiny_scratch,8125,0,0.0002,,0.9514370664023786,3.0,5.0,44.4398877620697,0.9181553801412546,0.8705153863315318,0.9148317407561279,0.9007062733693394,0.8998753635230577,0.8770253427503116,,,,airline,0.3426395939086294,0.3121128165719563,,,0.5705656232839099,0.5215224222418747
curve,tiny_mlm,8125,0,0.0005,,0.9514370664023786,1.0,5.0,45.27465271949768,0.9206481096800997,0.8711349554390435,0.9140008309098463,0.8986289987536352,0.9015371832156212,0.8828417116742834,,,,airline,0.3248730964467005,0.2743110372524581,,,0.5535420098846787,0.4802047619799978
curve,tfidf_lr,8125,1,,,0.9454905847373637,,,3.0307157039642334,0.9202326547569589,0.8630937568876154,0.9102617366015787,0.8936435396759451,0.8928126298296635,0.88117989198172,,30.0,,airline,0.3197969543147208,0.2576490438695163,,,0.5304777594728172,0.40735765609839747
curve,tfidf_nb,8125,1,,,0.9137760158572844,,,1.0216248035430908,0.891566265060241,0.7885646743170969,0.8803489821354383,0.873286248442044,0.8691316992106356,0.8608226007478189,,0.1,,airline,0.32741116751269034,0.27385646824817267,,,0.5255354200988468,0.40522591181273815
curve,tiny_scratch,8125,1,0.0002,,0.9415262636273538,4.0,5.0,44.764650106430054,0.9164935604486913,0.8659504345187876,0.9102617366015787,0.8936435396759451,0.891566265060241,0.8774407976734524,,,,airline,0.3680203045685279,0.3401311585673449,,,0.5628775398132894,0.5118028237322843
curve,tiny_mlm,8125,1,0.0005,,0.9494549058473737,1.0,5.0,44.47562003135681,0.9144162858329872,0.8601941889919722,0.9140008309098463,0.8990444536767761,0.8982135438304943,0.883672621520565,,,,airline,0.3299492385786802,0.2776666666666667,,,0.5392641405820977,0.4646071457481863
curve,tfidf_lr,8125,2,,,0.9454905847373637,,,2.996134042739868,0.9202326547569589,0.8630937568876154,0.9102617366015787,0.8936435396759451,0.8928126298296635,0.88117989198172,,30.0,,airline,0.3197969543147208,0.2576490438695163,,,0.5304777594728172,0.40735765609839747
curve,tfidf_nb,8125,2,,,0.9137760158572844,,,1.0165560245513916,0.891566265060241,0.7885646743170969,0.8803489821354383,0.873286248442044,0.8691316992106356,0.8608226007478189,,0.1,,airline,0.32741116751269034,0.27385646824817267,,,0.5255354200988468,0.40522591181273815
curve,tiny_scratch,8125,2,0.0002,,0.9435084241823588,2.0,5.0,44.82906794548035,0.9123390112172829,0.8621901070320418,0.9090153718321562,0.8953053593685085,0.8899044453676777,0.8712089738263399,,,,airline,0.350253807106599,0.3208360267183797,,,0.5623283909939594,0.5144173843044347
curve,tiny_mlm,8125,2,0.0005,,0.9484638255698712,3.0,5.0,48.605798959732056,0.9094308267552971,0.8563685236280821,0.9065226422933111,0.896551724137931,0.8973826339842127,0.870793518903199,,,,airline,0.3477157360406091,0.31428145760393317,,,0.5744096650192202,0.5408960444401503
